{
  "alias_info": {},
  "bindings": {
    "/actions/default": {
      "chords": [],
      "haptics": [],
      "poses": [],
      "skeleton": [],
      "sources": [
        {
          "inputs": {
            "click": {
              "output": "/actions/default/in/headsetonhead"
            }
          },
          "mode": "button",
          "path": "/user/head/proximity"
        }
      ]
    }
  },
  "controller_type": "indexhmd",
  "description": "",
  "name": "index hmd defaults",
  "options": {},
  "simulated_actions": []
}
